use piattaforma;

insert into Agenzia (Codice, nome) values ('287717', 'Hane-Powlowski');
insert into Agenzia (Codice, nome) values ('869573', 'Greenholt-Boehm');
insert into Agenzia (Codice, nome) values ('324365', 'Schaden and Runolfsson');
insert into Agenzia (Codice, nome) values ('765155', 'Macejkovic and Gerhold');
insert into Agenzia (Codice, nome) values ('672525', 'Jacobi-Christiansen');
insert into Agenzia (Codice, nome) values ('550765', 'Johnson-Abernathy');
insert into Agenzia (Codice, nome) values ('531939', 'Grimes Inc');
insert into Agenzia (Codice, nome) values ('594428', 'Medhurst and Weissnat');
insert into Agenzia (Codice, nome) values ('665030', 'Mante LLC');
insert into Agenzia (Codice, nome) values ('122250', 'Rosenbaum and Stamm');

insert into Tessera (Codice, Tipo, DataDiScadenza, PeriodoDiValidita) values ('738875', 'Standard', '2023-01-30',12 );
insert into Tessera (Codice, Tipo, DataDiScadenza, PeriodoDiValidita) values ('552883', 'Standard', '2023-02-12', 12);
insert into Tessera (Codice, Tipo, DataDiScadenza, PeriodoDiValidita) values ('740451', 'Standard', '2023-12-25', 12);
insert into Tessera (Codice, Tipo, DataDiScadenza, PeriodoDiValidita) values ('138627', 'Standard', '2023-07-21', 12);
insert into Tessera (Codice, Tipo, DataDiScadenza, PeriodoDiValidita) values ('233369', 'Premium', '2023-06-09', 12);
insert into Tessera (Codice, Tipo, DataDiScadenza, PeriodoDiValidita) values ('597767', 'Premium', '2023-03-12', 12);
insert into Tessera (Codice, Tipo, DataDiScadenza, PeriodoDiValidita) values ('121729', 'Premium', '2023-04-15', 12);
insert into Tessera (Codice, Tipo, DataDiScadenza, PeriodoDiValidita) values ('816483', 'Premium', '2023-11-01', 12);
insert into Tessera (Codice, Tipo, DataDiScadenza, PeriodoDiValidita) values ('906634', 'Premium', '2023-09-14', 12);
insert into Tessera (Codice, Tipo, DataDiScadenza, PeriodoDiValidita) values ('933925', 'Premium', '2023-06-15', 12);
insert into Tessera (Codice, Tipo, DataDiScadenza, PeriodoDiValidita) values ('859185', 'Premium', '2023-04-05', 12);
insert into Tessera (Codice, Tipo, DataDiScadenza, PeriodoDiValidita) values ('680230', 'Standard', '2023-12-13', 12);
insert into Tessera (Codice, Tipo, DataDiScadenza, PeriodoDiValidita) values ('896373', 'Standard', '2023-06-07', 12);
insert into Tessera (Codice, Tipo, DataDiScadenza, PeriodoDiValidita) values ('594849', 'Standard', '2023-07-20', 12);
insert into Tessera (Codice, Tipo, DataDiScadenza, PeriodoDiValidita) values ('680191', 'Premium', '2023-05-07', 12);
insert into Tessera (Codice, Tipo, DataDiScadenza, PeriodoDiValidita) values ('814519', 'Premium', '2023-01-25', 12);
insert into Tessera (Codice, Tipo, DataDiScadenza, PeriodoDiValidita) values ('348584', 'Standard', '2023-12-13', 12);
insert into Tessera (Codice, Tipo, DataDiScadenza, PeriodoDiValidita) values ('194879', 'Premium', '2023-07-02', 12);
insert into Tessera (Codice, Tipo, DataDiScadenza, PeriodoDiValidita) values ('390890', 'Standard', '2023-09-30', 12);
insert into Tessera (Codice, Tipo, DataDiScadenza, PeriodoDiValidita) values ('016364', 'Premium', '2023-02-13', 12);

insert into Cliente (CF, Nome, Cognome, Telefono, Email, NumPrenotazioni, NumPrenotazioniAttive, CodiceTessera) values ('YKPWUV93H58A591I', 'Célestine', 'Yaakov', '106-546-2119', 'jyaakov0@desdev.cn', 4, 1, '738875');
insert into Cliente (CF, Nome, Cognome, Telefono, Email, NumPrenotazioni, NumPrenotazioniAttive, CodiceTessera) values ('ZIHNHU35I44X719V', 'Léonore', 'Mosen', '725-215-3567', 'cmosen1@macredia.com', 3, 1, '552883');
insert into Cliente (CF, Nome, Cognome, Telefono, Email, NumPrenotazioni, NumPrenotazioniAttive, CodiceTessera) values ('DSMYNO44X41G761N', 'Laurène', 'Luchelli', '877-280-9438', 'lluclli2@spify.com', 5, 1, '740451');
insert into Cliente (CF, Nome, Cognome, Telefono, Email, NumPrenotazioni, NumPrenotazioniAttive, CodiceTessera) values ('FKZUMD86Y37K571I', 'Cunégonde', 'Waldron', '418-479-0647', 'wwaon3@ustream.tv', 2, 1, '138627');
insert into Cliente (CF, Nome, Cognome, Telefono, Email, NumPrenotazioni, NumPrenotazioniAttive, CodiceTessera) values ('YRBCNN61C18S889F', 'Amélie', 'Pailin', '926-919-7122', 'kpa4@t-online.de', 3, 1, '233369');
insert into Cliente (CF, Nome, Cognome, Telefono, Email, NumPrenotazioni, NumPrenotazioniAttive, CodiceTessera) values ('LMDIII28N00Q405B', 'Intéressant', 'Aukland', '698-360-4135', 'baukd5@pen.io', 2, 1, '597767');
insert into Cliente (CF, Nome, Cognome, Telefono, Email, NumPrenotazioni, NumPrenotazioniAttive, CodiceTessera) values ('CIEAJB37N67A126Q', 'Wá', 'Yakubov', '934-364-2439', 'ryakubov6@times.co.uk', 1, 1, '121729');
insert into Cliente (CF, Nome, Cognome, Telefono, Email, NumPrenotazioni, NumPrenotazioniAttive, CodiceTessera) values ('DXWECH21O72O824K', 'Personnalisée', 'Dabernott', '129-724-4886', 'gdabt7@lycos.com', 5, 1, '816483');
insert into Cliente (CF, Nome, Cognome, Telefono, Email, NumPrenotazioni, NumPrenotazioniAttive, CodiceTessera) values ('WBABJQ57C30Y672S', 'Lyséa', 'Daughton', '152-985-5103', 'jdaughton8@prso', 4, 1, '906634');
insert into Cliente (CF, Nome, Cognome, Telefono, Email, NumPrenotazioni, NumPrenotazioniAttive, CodiceTessera) values ('CKTHNO74A28D627A', 'Marlène', 'Kunc', '730-398-6660', 'dkunc9@trest.net', 3, 1, '933925');
insert into Cliente (CF, Nome, Cognome, Telefono, Email, NumPrenotazioni, NumPrenotazioniAttive, CodiceTessera) values ('FCWCCM78C80L666S', 'Océanne', 'Jedrysik', '113-107-3984', 'hjed@google.com', 2, 1, '859185');
insert into Cliente (CF, Nome, Cognome, Telefono, Email, NumPrenotazioni, NumPrenotazioniAttive, CodiceTessera) values ('VZUFOU21Y47P343Y', 'Styrbjörn', 'Chatell', '878-238-3475', 'bchb@state.gov', 1, 1, '680230');
insert into Cliente (CF, Nome, Cognome, Telefono, Email, NumPrenotazioni, NumPrenotazioniAttive, CodiceTessera) values ('OWBQEV07K12L175Y', 'Maéna', 'Antonnikov', '365-438-0572', 'kant@quantcast.com', 1, 1, '896373');
insert into Cliente (CF, Nome, Cognome, Telefono, Email, NumPrenotazioni, NumPrenotazioniAttive, CodiceTessera) values ('KYJFWG27N54J789T', 'Françoise', 'Pinard', '270-532-1836', 'mpinardd@wia.org', 6, 1, '594849');
insert into Cliente (CF, Nome, Cognome, Telefono, Email, NumPrenotazioni, NumPrenotazioniAttive, CodiceTessera) values ('LTWEZV04W34Z459V', 'Lèi', 'Watkins', '660-989-2247', 'awatkinse@zdnet.com', 3, 1, '680191');
insert into Cliente (CF, Nome, Cognome, Telefono, Email, NumPrenotazioni, NumPrenotazioniAttive, CodiceTessera) values ('VESTVB04X40U740R', 'Gaëlle', 'Scimoni', '704-260-7686', 'tscimonif@stun.com', 1, 1, '814519');
insert into Cliente (CF, Nome, Cognome, Telefono, Email, NumPrenotazioni, NumPrenotazioniAttive, CodiceTessera) values ('EXZTDD88Q52B539A', 'Maëlann', 'Bussell', '920-884-9140', 'cbussellg@med.com', 1, 1, '348584');
insert into Cliente (CF, Nome, Cognome, Telefono, Email, NumPrenotazioni, NumPrenotazioniAttive, CodiceTessera) values ('AXOPUY60I12V891O', 'Stéphanie', 'Blowes', '218-229-3365', 'rblowesh@buz.com', 2, 1, '194879');
insert into Cliente (CF, Nome, Cognome, Telefono, Email, NumPrenotazioni, NumPrenotazioniAttive, CodiceTessera) values ('DMFYLO54T31W992D', 'Naéva', 'Pill', '546-912-2534', 'kpilliet.com', 6, 1, '390890');
insert into Cliente (CF, Nome, Cognome, Telefono, Email, NumPrenotazioni, NumPrenotazioniAttive, CodiceTessera) values ('LMJCFZ53B60Q829J', 'Cécile', 'Blasiak', '255-472-8967', 'hblance.net', 4, 1, '016364');

insert into Struttura (Codice, Nome, Via, CAP, Citta, AnnoDiIscrizione) values ('176647', 'Reynoldki', 'Maple', '39087', 'Pasembon', 2020);
insert into Struttura (Codice, Nome, Via, CAP, Citta, AnnoDiIscrizione) values ('223506', 'Zemlak-ell', 'American Ash', '33566', 'Tsuen Wan', 2022);
insert into Struttura (Codice, Nome, Via, CAP, Citta, AnnoDiIscrizione) values ('392317', 'Hagenesger', 'Helena', '32986', 'Renhe', 2020);
insert into Struttura (Codice, Nome, Via, CAP, Citta, AnnoDiIscrizione) values ('260032', 'Jerde', 'Redwing', '32861', 'Renhe', 2021);
insert into Struttura (Codice, Nome, Via, CAP, Citta, AnnoDiIscrizione) values ('236128', 'Anderus', 'Crest Line', '38544', 'Placencia', 2020);
insert into Struttura (Codice, Nome, Via, CAP, Citta, AnnoDiIscrizione) values ('752054', 'Bode ', 'Columbus', '89517', 'Huangtugang', 2020);
insert into Struttura (Codice, Nome, Via, CAP, Citta, AnnoDiIscrizione) values ('914585', 'Jast I', 'Warrior', '84782', 'Roshchino', 2021);
insert into Struttura (Codice, Nome, Via, CAP, Citta, AnnoDiIscrizione) values ('034958', 'Zulauf', 'Burrows', '86875', 'Shyroke', 2021);
insert into Struttura (Codice, Nome, Via, CAP, Citta, AnnoDiIscrizione) values ('872592', 'Champlroup', 'Independence', '08669', 'Renhe', 2020);
insert into Struttura (Codice, Nome, Via, CAP, Citta, AnnoDiIscrizione) values ('877051', 'Rowe LLC', 'Comanche', '35620', 'Anderstorp', 2022);
insert into Struttura (Codice, Nome, Via, CAP, Citta, AnnoDiIscrizione) values ('151779', 'Dicki,itz', 'Grayhawk', '72891', 'Aisai', 2020);
insert into Struttura (Codice, Nome, Via, CAP, Citta, AnnoDiIscrizione) values ('923467', 'Kunde-Kunze', 'Raven', '85006', 'Lela', 2021);
insert into Struttura (Codice, Nome, Via, CAP, Citta, AnnoDiIscrizione) values ('148385', 'Bednar LLC', 'New Castle', '89076', 'Brumadinho', 2020);
insert into Struttura (Codice, Nome, Via, CAP, Citta, AnnoDiIscrizione) values ('304938', 'Kutch-Lockman', 'Talisman', '16103', 'Bcharré', 2022);
insert into Struttura (Codice, Nome, Via, CAP, Citta, AnnoDiIscrizione) values ('744850', 'Jerde, Mraz', 'Dahle', '52862', 'Alor Setar', 2020);
insert into Struttura (Codice, Nome, Via, CAP, Citta, AnnoDiIscrizione) values ('718155', 'BreitePacocha', 'Packers', '74342', 'Mudian', 2022);
insert into Struttura (Codice, Nome, Via, CAP, Citta, AnnoDiIscrizione) values ('036323', 'Lindgren LLC', 'Thompson', '44464', 'Zwierzyniec', 2021);
insert into Struttura (Codice, Nome, Via, CAP, Citta, AnnoDiIscrizione) values ('334351', 'Lehner Pacocha', 'Hoffman', '87582', 'Hualongyan', 2022);
insert into Struttura (Codice, Nome, Via, CAP, Citta, AnnoDiIscrizione) values ('721452', 'Kilbacnes', 'Drewry', '25629', 'Ewirgol', 2021);
insert into Struttura (Codice, Nome, Via, CAP, Citta, AnnoDiIscrizione) values ('469508', 'Larkinumbach', 'Schmedeman', '25756', 'Hörby', 2021);

insert into Sito (URL, Agenzia) values ('http://plala.or.jp/tortor/id/nulla/ultrices.jpg', 594428);
insert into Sito (URL, Agenzia) values ('http://artisteer.com/in/hac.jsp', 869573);
insert into Sito (URL, Agenzia) values ('https://nih.gov/viverra/dapibus/nulla/suscipit/ligula/in/lacus.jpg', 550765);
insert into Sito (URL, Agenzia) values ('http://51.la/nulla/tempus/vivamus/in/felis.aspx', 765155);
insert into Sito (URL, Agenzia) values ('https://youtube.com/elit/ac.js', 672525);
insert into Sito (URL, Agenzia) values ('https://va.gov/purus/eu/magna.jpg', 665030);
insert into Sito (URL, Agenzia) values ('http://diigo.com/vel.aspx', 550765);
insert into Sito (URL, Agenzia) values ('http://illinois.edu/ac/nulla/sed/vel/enim/sit/amet.xml', 765155);
insert into Sito (URL, Agenzia) values ('https://behance.net/vestibulum.html', 665030);
insert into Sito (URL, Agenzia) values ('http://google.ru/pulvinar/nulla/pede/ullamcorper.html', 869573);
insert into Sito (URL, Agenzia) values ('http://latimes.com/elit/proin/risus/praesent/lectus.json', 594428);
insert into Sito (URL, Agenzia) values ('https://ifeng.com/morbi/odio/odio/elementum/eu.jsp', 550765);
insert into Sito (URL, Agenzia) values ('http://a8.net/est/quam/pharetra.jpg', 550765);
insert into Sito (URL, Agenzia) values ('http://npr.org/cras/pellentesque/volutpat/dui.json', 665030);
insert into Sito (URL, Agenzia) values ('http://unblog.fr/dui.xml', 324365);
insert into Sito (URL, Agenzia) values ('https://hp.com/faucibus/orci/luctus/et/ultrices.jpg', 665030);
insert into Sito (URL, Agenzia) values ('http://ehow.com/tincidunt/ante/vel.js', 122250);
insert into Sito (URL, Agenzia) values ('https://cornell.edu/in/hac/habitasse/platea/dictumst/morbi.xml', 869573);
insert into Sito (URL, Agenzia) values ('https://infoseek.co.jp/vel/accumsan/tellus/nisi/eu/orci.json', 665030);
insert into Sito (URL, Agenzia) values ('http://fda.gov/nec.json', 122250);

insert into Servizio (Tipo, Descrizione) values ('AnimaliAmmessi', 'GAP23yTsdwMqK6RD4dSGL036x');
insert into Servizio (Tipo, Descrizione) values ('TV', 'Rl3FgnZaliZ6LMfEqJXWxkssAE5');
insert into Servizio (Tipo, Descrizione) values ('Cucina', 'nBVRXHSS8gQggkKi0di3z0rrtnlTUzcqbSMq');
insert into Servizio (Tipo, Descrizione) values ('AriaCondizionata', 'KERLknSzCDjUR3L4aODqN6s8nMac0f');
insert into Servizio (Tipo, Descrizione) values ('Piscina', 'POnBacsDlyVuxdLIdBWsTFekMbLaX0FSS');
insert into Servizio (Tipo, Descrizione) values ('Wi-Fi', 'S3Lyu3CgJTsCpAaEB9kLv9tbJNDF');
insert into Servizio (Tipo, Descrizione) values ('Colazione', '7RbB9hhe990iTYHLKwpP0xHMwcKFo1WXIgd');
insert into Servizio (Tipo, Descrizione) values ('Parcheggio', 'xAmOeM4kisiuKoCcE9y3CWm5Qo5SoljkM');
insert into Servizio (Tipo, Descrizione) values ('AmmessiFumatori', 'xAmOeM4kisXIm0cE9y3CWm5Qo5SoljkM');

insert into Telefono (Numero, Struttura) values ('812-938-0351', '176647');
insert into Telefono (Numero, Struttura) values ('319-782-8882', '223506');
insert into Telefono (Numero, Struttura) values ('395-284-5966', '392317');
insert into Telefono (Numero, Struttura) values ('384-430-3374', '260032');
insert into Telefono (Numero, Struttura) values ('493-792-2680', '236128');
insert into Telefono (Numero, Struttura) values ('752-609-8800', '752054');
insert into Telefono (Numero, Struttura) values ('176-339-6293', '914585');
insert into Telefono (Numero, Struttura) values ('298-783-3993', '034958');
insert into Telefono (Numero, Struttura) values ('107-229-4065', '872592');
insert into Telefono (Numero, Struttura) values ('854-136-1548', '877051');
insert into Telefono (Numero, Struttura) values ('809-128-4771', '151779');
insert into Telefono (Numero, Struttura) values ('478-358-0137', '923467');
insert into Telefono (Numero, Struttura) values ('544-423-1550', '148385');
insert into Telefono (Numero, Struttura) values ('188-618-2436', '304938');
insert into Telefono (Numero, Struttura) values ('811-251-5470', '744850');
insert into Telefono (Numero, Struttura) values ('925-611-3678', '718155');
insert into Telefono (Numero, Struttura) values ('990-918-8351', '036323');
insert into Telefono (Numero, Struttura) values ('105-499-5076', '334351');
insert into Telefono (Numero, Struttura) values ('254-981-1694', '721452');
insert into Telefono (Numero, Struttura) values ('688-597-5129', '469508');

insert into Erogazione (Struttura, Servizio) values ('176647', 'TV');
insert into Erogazione (Struttura, Servizio) values ('223506', 'Colazione');
insert into Erogazione (Struttura, Servizio) values ('392317', 'TV');
insert into Erogazione (Struttura, Servizio) values ('260032', 'TV');
insert into Erogazione (Struttura, Servizio) values ('236128', 'Parcheggio');
insert into Erogazione (Struttura, Servizio) values ('752054', 'AnimaliAmmessi');
insert into Erogazione (Struttura, Servizio) values ('914585', 'Cucina');
insert into Erogazione (Struttura, Servizio) values ('034958', 'AmmessiFumatori');
insert into Erogazione (Struttura, Servizio) values ('872592', 'Piscina');
insert into Erogazione (Struttura, Servizio) values ('877051', 'Wi-Fi');
insert into Erogazione (Struttura, Servizio) values ('151779', 'Piscina');
insert into Erogazione (Struttura, Servizio) values ('923467', 'AriaCondizionata');
insert into Erogazione (Struttura, Servizio) values ('148385', 'AnimaliAmmessi');
insert into Erogazione (Struttura, Servizio) values ('304938', 'AmmessiFumatori');
insert into Erogazione (Struttura, Servizio) values ('744850', 'TV');
insert into Erogazione (Struttura, Servizio) values ('718155', 'AmmessiFumatori');
insert into Erogazione (Struttura, Servizio) values ('036323', 'AriaCondizionata');
insert into Erogazione (Struttura, Servizio) values ('334351', 'Piscina');
insert into Erogazione (Struttura, Servizio) values ('721452', 'Parcheggio');
insert into Erogazione (Struttura, Servizio) values ('469508', 'Parcheggio');

insert into PuntoDiInteresse (Codice, Nome, Indirizzo, Città, Tipo, Descrizione) values ('314070', 'Weieuschke', 'Gateway', 'Chiscas', 'bellezze naturali', 'eHgnM8DIqU9NSPRiwEtqJHcbuAkufqBwmiqh1NzCMwr22vyDMO');
insert into PuntoDiInteresse (Codice, Nome, Indirizzo, Città, Tipo, Descrizione) values ('741548', 'Lebiansen', 'Homewood', 'El Mida', 'musei', 'FkTQeh0usDOpjdfKqpQi1lK1eYIJfY1v7fyzlwxo2KZVOJzVau');
insert into PuntoDiInteresse (Codice, Nome, Indirizzo, Città, Tipo, Descrizione) values ('235458', 'Coranton', 'Eastlawn', 'Karang Tengah', 'musei', 'GuDavK846n9WY4tZSdkDaRcbMSgZHVUUJdlqHqAStn09e3p1Fv');
insert into PuntoDiInteresse (Codice, Nome, Indirizzo, Città, Tipo, Descrizione) values ('246505', 'Lynand Sons', 'Raven', 'Bålsta', 'parchi nazionali', 'kZMu0i2LKePVVcVaDZcxVO4TxnbpoIQjRizOYnHuKI2ghWOG3M');
insert into PuntoDiInteresse (Codice, Nome, Indirizzo, Città, Tipo, Descrizione) values ('234573', 'Tremblay Inc', 'Mariners Cove', 'Shofirkon', 'musei', 'hWWVeVtBXgYB0XzLpspfnEskvXKk2CJAukMwhnBj7dIWABJKwa');
insert into PuntoDiInteresse (Codice, Nome, Indirizzo, Città, Tipo, Descrizione) values ('606166', 'Lowe-Lueilwitz', 'Mesta', 'Boulemane', 'esercizi commerciali', 'azFOfh0WojzWj7zKdV6tAx4H4VmZB3O0zBrEyYfEbljy1FMkgJ');
insert into PuntoDiInteresse (Codice, Nome, Indirizzo, Città, Tipo, Descrizione) values ('221442', 'Frand Kemmer', 'Blackbird', 'Irahuan', 'monumenti', 'hdiM9AtESltuQTTTosJqUZuIYyOzwGpBvGRyxjuaFf2AifsPQE');
insert into PuntoDiInteresse (Codice, Nome, Indirizzo, Città, Tipo, Descrizione) values ('834711', 'Thil Inc', 'Eliot', 'Tegalsari', 'gallerie d’arte', 'XAIwC96R2WC7DAJlobXX8XQFlnjFE9O1xi4JjEPc7jvpkgR4iw');
insert into PuntoDiInteresse (Codice, Nome, Indirizzo, Città, Tipo, Descrizione) values ('761855', 'O''and Skiles', 'Namekagon', 'Bang Rak', 'luoghi storici', 'q0QZJE7KE331obDxsxV7s1t3KXQlWIBmoeT0edpBXpWoUqtCZZ');
insert into PuntoDiInteresse (Codice, Nome, Indirizzo, Città, Tipo, Descrizione) values ('505029', 'Ritey and Streich', 'Ludington', 'Cambridge', 'esercizi commerciali', 'asxCDEhBpdmZWehrt36LWLAeyttJQ2qjAFoNoTpHaSWLx2Cm9O');
insert into PuntoDiInteresse (Codice, Nome, Indirizzo, Città, Tipo, Descrizione) values ('943293', 'DuBn and Abernathy', 'Blackbird', 'Saryg-Sep', 'parchi nazionali', 'bte6XgoUcTlJwkPGJCfNA671WBJwcpczvmhBB5C01sFIIhNLQM');
insert into PuntoDiInteresse (Codice, Nome, Indirizzo, Città, Tipo, Descrizione) values ('041481', 'Auer-Corkery', 'Coleman', 'Tidaholm', 'parchi tematici', 'ItZ3gMsiD2x027urmTzjiP3MzAjxczwvrdHBwblxt9NvyMZ8vc');
insert into PuntoDiInteresse (Codice, Nome, Indirizzo, Città, Tipo, Descrizione) values ('668892', 'Davis Group', 'Coolidge', 'Chernyshevsk', 'parchi tematici', '8fKwOfPGZst2uXEvZV4ORuZzvuZroYQNW7ru5ekkpK3GjB1qZ5');
insert into PuntoDiInteresse (Codice, Nome, Indirizzo, Città, Tipo, Descrizione) values ('503455', 'Hirthe and Sons', 'Caliangt', 'Fuquan', 'luoghi storici', 'SHtVoPG4eY6astTmQka4hFmehB46GYK04Swk5PrDIhNvzhy6CC');
insert into PuntoDiInteresse (Codice, Nome, Indirizzo, Città, Tipo, Descrizione) values ('746038', 'Williamson-Dickens', 'Goodland', 'Lizhai', 'monumenti', 'eHeVeEgsc41Pn19nEoQEAcB4sg0t0sjhsp0DfUVOLA8GWFcydT');

insert into Distanza (Struttura, PuntoDiInteresse, Km) values ('176647', '234573', 81);
insert into Distanza (Struttura, PuntoDiInteresse, Km) values ('223506', '314070', 10);
insert into Distanza (Struttura, PuntoDiInteresse, Km) values ('392317', '221442', 67);
insert into Distanza (Struttura, PuntoDiInteresse, Km) values ('260032', '221442', 21);
insert into Distanza (Struttura, PuntoDiInteresse, Km) values ('236128', '741548', 33);
insert into Distanza (Struttura, PuntoDiInteresse, Km) values ('752054', '761855', 54);
insert into Distanza (Struttura, PuntoDiInteresse, Km) values ('914585', '606166', 10);
insert into Distanza (Struttura, PuntoDiInteresse, Km) values ('034958', '221442', 20);
insert into Distanza (Struttura, PuntoDiInteresse, Km) values ('872592', '503455', 9);
insert into Distanza (Struttura, PuntoDiInteresse, Km) values ('877051', '834711', 34);
insert into Distanza (Struttura, PuntoDiInteresse, Km) values ('151779', '834711', 64);
insert into Distanza (Struttura, PuntoDiInteresse, Km) values ('923467', '503455', 85);
insert into Distanza (Struttura, PuntoDiInteresse, Km) values ('148385', '761855', 4);
insert into Distanza (Struttura, PuntoDiInteresse, Km) values ('304938', '834711', 42);
insert into Distanza (Struttura, PuntoDiInteresse, Km) values ('744850', '041481', 93);
insert into Distanza (Struttura, PuntoDiInteresse, Km) values ('718155', '503455', 13);
insert into Distanza (Struttura, PuntoDiInteresse, Km) values ('036323', '834711', 79);
insert into Distanza (Struttura, PuntoDiInteresse, Km) values ('334351', '746038', 10);
insert into Distanza (Struttura, PuntoDiInteresse, Km) values ('721452', '746038', 54);
insert into Distanza (Struttura, PuntoDiInteresse, Km) values ('469508', '834711', 3);

insert into Appartamento (Struttura, Prezzo, NumOspiti, NumVani, Mq) values ('176647', 45.4, 18, 8, 9.1);
insert into Appartamento (Struttura, Prezzo, NumOspiti, NumVani, Mq) values ('223506', 26.2, 22, 10, 13.5);
insert into Appartamento (Struttura, Prezzo, NumOspiti, NumVani, Mq) values ('392317', 98.7, 2, 9, 12.6);

insert into Hotel (Struttura) values ('872592');
insert into Hotel (Struttura) values ('877051');
insert into Hotel (Struttura) values ('151779');
insert into Hotel (Struttura) values ('923467');
insert into Hotel (Struttura) values ('148385');
insert into Hotel (Struttura) values ('304938');
insert into Hotel (Struttura) values ('744850');
insert into Hotel (Struttura) values ('718155');
insert into Hotel (Struttura) values ('036323');
insert into Hotel (Struttura) values ('334351');
insert into Hotel (Struttura) values ('721452');
insert into Hotel (Struttura) values ('469508');

insert into Ostello (Struttura, Prezzo, NumPostiLettoTotali) values ('260032', 24.9, 24);
insert into Ostello (Struttura, Prezzo, NumPostiLettoTotali) values ('236128', 43.7, 34);
insert into Ostello (Struttura, Prezzo, NumPostiLettoTotali) values ('752054', 37.5, 16);
insert into Ostello (Struttura, Prezzo, NumPostiLettoTotali) values ('914585', 13.7, 10);
insert into Ostello (Struttura, Prezzo, NumPostiLettoTotali) values ('034958', 31.1, 37);

insert into Stanza (Tipo, NumOspiti, NumStanze, Prezzo) values ('superior', 3, 10, 70.2);
insert into Stanza (Tipo, NumOspiti, NumStanze, Prezzo) values ('deluxe', 4, 12, 49.9);
insert into Stanza (Tipo, NumOspiti, NumStanze, Prezzo) values ('standard', 3, 17, 25.9);
insert into Stanza (Tipo, NumOspiti, NumStanze, Prezzo) values ('standard', 2, 18, 30.6);
insert into Stanza (Tipo, NumOspiti, NumStanze, Prezzo) values ('suite', 2, 7, 90.1);
insert into Stanza (Tipo, NumOspiti, NumStanze, Prezzo) values ('suite', 5, 9, 105.5);
insert into Stanza (Tipo, NumOspiti, NumStanze, Prezzo) values ('deluxe', 5, 5, 39.3);
insert into Stanza (Tipo, NumOspiti, NumStanze, Prezzo) values ('standard', 4, 2, 32.2);
insert into Stanza (Tipo, NumOspiti, NumStanze, Prezzo) values ('standard', 1, 13, 25.5);
insert into Stanza (Tipo, NumOspiti, NumStanze, Prezzo) values ('suite', 1, 13, 150.6);

insert into Composizione (TipoStanza, NumOspitiStanza, Hotel) values ('deluxe', 5, '744850');
insert into Composizione (TipoStanza, NumOspitiStanza, Hotel) values ('standard', 3, '469508');
insert into Composizione (TipoStanza, NumOspitiStanza, Hotel) values ('deluxe', 4, '877051');
insert into Composizione (TipoStanza, NumOspitiStanza, Hotel) values ('suite', 1, '469508');
insert into Composizione (TipoStanza, NumOspitiStanza, Hotel) values ('deluxe', 4, '151779');
insert into Composizione (TipoStanza, NumOspitiStanza, Hotel) values ('deluxe', 5, '872592');
insert into Composizione (TipoStanza, NumOspitiStanza, Hotel) values ('standard', 4, '304938');
insert into Composizione (TipoStanza, NumOspitiStanza, Hotel) values ('superior', 3, '036323');
insert into Composizione (TipoStanza, NumOspitiStanza, Hotel) values ('suite', 5, '334351');
insert into Composizione (TipoStanza, NumOspitiStanza, Hotel) values ('superior', 3, '923467');
insert into Composizione (TipoStanza, NumOspitiStanza, Hotel) values ('deluxe', 4, '744850');
insert into Composizione (TipoStanza, NumOspitiStanza, Hotel) values ('superior', 3, '721452');
insert into Composizione (TipoStanza, NumOspitiStanza, Hotel) values ('deluxe', 5, '304938');
insert into Composizione (TipoStanza, NumOspitiStanza, Hotel) values ('suite', 2, '721452');
insert into Composizione (TipoStanza, NumOspitiStanza, Hotel) values ('deluxe', 4, '721452');
insert into Composizione (TipoStanza, NumOspitiStanza, Hotel) values ('standard', 2, '923467');
insert into Composizione (TipoStanza, NumOspitiStanza, Hotel) values ('standard', 1, '304938');
insert into Composizione (TipoStanza, NumOspitiStanza, Hotel) values ('suite', 5, '469508');
insert into Composizione (TipoStanza, NumOspitiStanza, Hotel) values ('superior', 3, '872592');
insert into Composizione (TipoStanza, NumOspitiStanza, Hotel) values ('superior', 3, '148385');

insert into TipologiaStanza (Tipo, NumOspiti, NumStanze) values ('standard', 4, 3);
insert into TipologiaStanza (Tipo, NumOspiti, NumStanze) values ('standard', 1, 4);
insert into TipologiaStanza (Tipo, NumOspiti, NumStanze) values ('suite', 1, 2);
insert into TipologiaStanza (Tipo, NumOspiti, NumStanze) values ('deluxe', 4, 3);
insert into TipologiaStanza (Tipo, NumOspiti, NumStanze) values ('suite', 5, 4);
insert into TipologiaStanza (Tipo, NumOspiti, NumStanze) values ('standard', 3, 2);
insert into TipologiaStanza (Tipo, NumOspiti, NumStanze) values ('standard', 2, 4);
insert into TipologiaStanza (Tipo, NumOspiti, NumStanze) values ('deluxe', 5, 5);
insert into TipologiaStanza (Tipo, NumOspiti, NumStanze) values ('superior', 3, 3);
insert into TipologiaStanza (Tipo, NumOspiti, NumStanze) values ('suite', 2, 5);

insert into Prenotazione (Codice, DataCheckIn, DataCheckOut, NumOspitiTotali, PrezzoTotale, Note, Sconto, Cliente, Agenzia, Struttura) values ('649529', '2023-02-06', '2023-02-14', 22, 389.3, '1vOlo5btxjpSYgVUPih6dwdeedeeritg', 95, 'YKPWUV93H58A591I', 287717, '176647');
insert into Prenotazione (Codice, DataCheckIn, DataCheckOut, NumOspitiTotali, PrezzoTotale, Note, Sconto, Cliente, Agenzia, Struttura) values ('700155', '2023-11-23', '2023-11-30', 10, 872.6, 'HYFzcI3JfG07mijRdiYfegyTOiEtDSdc', 26, 'ZIHNHU35I44X719V', 531939, '223506');
insert into Prenotazione (Codice, DataCheckIn, DataCheckOut, NumOspitiTotali, PrezzoTotale, Note, Sconto, Cliente, Agenzia, Struttura) values ('925180', '2023-05-19', '2023-05-25', 18, 1547.6, 'DqfaUbheoeScQDs2J2OSRnDdMEOtkum', 21, 'DSMYNO44X41G761N', 122250, '392317');
insert into Prenotazione (Codice, DataCheckIn, DataCheckOut, NumOspitiTotali, PrezzoTotale, Note, Sconto, Cliente, Agenzia, Struttura) values ('718695', '2023-12-12', '2023-12-15', 5, 203.7, 'soD4Mc0nLkqIrp6sqnrgoc48EKm1aYGkT', 15, 'FKZUMD86Y37K571I', 287717, '260032');
insert into Prenotazione (Codice, DataCheckIn, DataCheckOut, NumOspitiTotali, PrezzoTotale, Note, Sconto, Cliente, Agenzia, Struttura) values ('989245', '2023-06-25', '2023-06-29', 13, 1894.0, 'IrfRWfPnfFDDjWAymddGy6PgaL2oa6T3', 43, 'YRBCNN61C18S889F', 531939, '236128');
insert into Prenotazione (Codice, DataCheckIn, DataCheckOut, NumOspitiTotali, PrezzoTotale, Note, Sconto, Cliente, Agenzia, Struttura) values ('675655', '2023-10-17', '2023-10-23', 1, 137.0, 'QIMHrSJb77UmkKIiGtxac45WeqAyaj4dZ', 26, 'LMDIII28N00Q405B', 665030, '752054');
insert into Prenotazione (Codice, DataCheckIn, DataCheckOut, NumOspitiTotali, PrezzoTotale, Note, Sconto, Cliente, Agenzia, Struttura) values ('725902', '2023-07-07', '2023-07-23', 3, 300.2, 'zpYmtDxqW3c58JQFkyIOpoFfDrpq3MPNE', 32, 'CIEAJB37N67A126Q', 665030, '914585');
insert into Prenotazione (Codice, DataCheckIn, DataCheckOut, NumOspitiTotali, PrezzoTotale, Note, Sconto, Cliente, Agenzia, Struttura) values ('816182', '2023-09-24', '2023-10-01', 22, 11303.5, 'N6mUPSe7b4QVQ4b1bXn3ZKHLf7KvdGn7', 41, 'DXWECH21O72O824K', 550765, '034958');
insert into Prenotazione (Codice, DataCheckIn, DataCheckOut, NumOspitiTotali, PrezzoTotale, Note, Sconto, Cliente, Agenzia, Struttura) values ('035802', '2023-10-28', '2023-11-12', 9, 529.2, 'G3iidpbrF47F64kspu8OPfVeC6fwytgV0', 41, 'WBABJQ57C30Y672S', 122250, '872592');
insert into Prenotazione (Codice, DataCheckIn, DataCheckOut, NumOspitiTotali, PrezzoTotale, Note, Sconto, Cliente, Agenzia, Struttura) values ('402633', '2023-01-15', '2023-01-16', 29, 6304.3, 'pltuq6sycy81ayXYHITuVp86MjwegIN', 35, 'CKTHNO74A28D627A', 122250, '877051');
insert into Prenotazione (Codice, DataCheckIn, DataCheckOut, NumOspitiTotali, PrezzoTotale, Note, Sconto, Cliente, Agenzia, Struttura) values ('817570', '2023-03-18', '2023-03-28', 3, 71.1, 'HWfqYR0NED7xLH00ulBqcEzEx7DvGtUeL', 8, 'FCWCCM78C80L666S', 594428, '151779');
insert into Prenotazione (Codice, DataCheckIn, DataCheckOut, NumOspitiTotali, PrezzoTotale, Note, Sconto, Cliente, Agenzia, Struttura) values ('061224', '2023-03-17', '2023-03-20', 2, 94.2, '5o2SbCg69SAeh2EANSi0R32XDz1P8kyPL', 7, 'VZUFOU21Y47P343Y', 550765, '923467');
insert into Prenotazione (Codice, DataCheckIn, DataCheckOut, NumOspitiTotali, PrezzoTotale, Note, Sconto, Cliente, Agenzia, Struttura) values ('918709', '2023-11-23', '2023-12-12', 19, 1013.4, '8TuOVoAcDaqiqZhaHBg7AK6aQR27Nwk', 61, 'OWBQEV07K12L175Y', 287717, '148385');
insert into Prenotazione (Codice, DataCheckIn, DataCheckOut, NumOspitiTotali, PrezzoTotale, Note, Sconto, Cliente, Agenzia, Struttura) values ('862597', '2023-04-21', '2023-05-10', 21, 4024.2, '6dzaaEugGzfSY1BoixQTL0JKWnrKHXvE', 91, 'KYJFWG27N54J789T', 550765, '304938');
insert into Prenotazione (Codice, DataCheckIn, DataCheckOut, NumOspitiTotali, PrezzoTotale, Note, Sconto, Cliente, Agenzia, Struttura) values ('846443', '2023-11-27', '2023-12-16', 27, 4612.4, 'IGoJa6lM0M9dvos0whQnctPFRcuXSkrq', 90, 'LTWEZV04W34Z459V', 672525, '744850');
insert into Prenotazione (Codice, DataCheckIn, DataCheckOut, NumOspitiTotali, PrezzoTotale, Note, Sconto, Cliente, Agenzia, Struttura) values ('635689', '2023-09-15', '2023-09-29', 1, 60.1, 'W3FcP6u7Mp9k4vofZBbc8oXqEzHfthUuH', 52, 'VESTVB04X40U740R', 665030, '718155');
insert into Prenotazione (Codice, DataCheckIn, DataCheckOut, NumOspitiTotali, PrezzoTotale, Note, Sconto, Cliente, Agenzia, Struttura) values ('570388', '2023-08-10', '2023-09-23', 3, 651.3, 'vj6rIgQvoaykf7EMMd57RFUyx5AOrWeo', 25, 'EXZTDD88Q52B539A', 324365, '036323');
insert into Prenotazione (Codice, DataCheckIn, DataCheckOut, NumOspitiTotali, PrezzoTotale, Note, Sconto, Cliente, Agenzia, Struttura) values ('887043', '2023-10-07', '2023-10-21', 16, 1210.9, 'mnBZhkoWboWR6kDNoErVayrZUlxeUPeug', 63, 'AXOPUY60I12V891O', 324365, '334351');
insert into Prenotazione (Codice, DataCheckIn, DataCheckOut, NumOspitiTotali, PrezzoTotale, Note, Sconto, Cliente, Agenzia, Struttura) values ('327590', '2023-01-21', '2023-01-26', 12, 4662.1, '0HEqAFpREFWgY2MRlEgK5ZJaZwVaERDl', 28, 'DMFYLO54T31W992D', 765155, '721452');
insert into Prenotazione (Codice, DataCheckIn, DataCheckOut, NumOspitiTotali, PrezzoTotale, Note, Sconto, Cliente, Agenzia, Struttura) values ('719001', '2023-04-19', '2023-05-17', 14, 9946.1, 'S5v8FRvjQyd9Cw9NCdPg6lkaDRPcekk', 17, 'LMJCFZ53B60Q829J', 665030, '469508');

insert into Scelta (Prenotazione, TipoStanza, NumOspitiStanza) values ('817570', 'deluxe', 4);
insert into Scelta (Prenotazione, TipoStanza, NumOspitiStanza) values ('719001', 'standard', 3);
insert into Scelta (Prenotazione, TipoStanza, NumOspitiStanza) values ('862597', 'standard', 4);
insert into Scelta (Prenotazione, TipoStanza, NumOspitiStanza) values ('061224', 'standard', 2);
insert into Scelta (Prenotazione, TipoStanza, NumOspitiStanza) values ('635689', 'deluxe', 4);
insert into Scelta (Prenotazione, TipoStanza, NumOspitiStanza) values ('327590', 'deluxe', 5);
insert into Scelta (Prenotazione, TipoStanza, NumOspitiStanza) values ('918709', 'superior', 3);
insert into Scelta (Prenotazione, TipoStanza, NumOspitiStanza) values ('570388', 'standard', 4);
insert into Scelta (Prenotazione, TipoStanza, NumOspitiStanza) values ('846443', 'suite', 1);
insert into Scelta (Prenotazione, TipoStanza, NumOspitiStanza) values ('570388', 'standard', 2);
insert into Scelta (Prenotazione, TipoStanza, NumOspitiStanza) values ('817570', 'superior', 3);
insert into Scelta (Prenotazione, TipoStanza, NumOspitiStanza) values ('402633', 'suite', 2);